[{"id": 182243, "term": "202320", "termDesc": "Spring 2023", "courseReferenceNumber": "12871", "partOfTerm": "1", "courseNumber": "140", "subject": "CS", "subjectDescription": "Computer Sciences", "sequenceNumber": "0", "campusDescription": "Drake University", "scheduleTypeDescription": "Lecture", "courseTitle": "HY VEE INTERNSHIP", "creditHours": 1, "maximumEnrollment": 0, "enrollment": 0, "seatsAvailable": 0, "waitCapacity": 0, "waitCount": 0, "waitAvailable": 0, "crossList": null, "crossListCapacity": null, "crossListCount": null, "crossListAvailable": null, "creditHourHigh": 3, "creditHourLow": 1, "creditHourIndicator": "TO", "openSection": false, "linkIdentifier": null, "isSectionLinked": false, "subjectCourse": "CS140", "faculty": [{"bannerId": "53142", "category": null, "class": "net.hedtech.banner.student.faculty.FacultyResultDecorator", "courseReferenceNumber": "12871", "displayName": "Urness, Timothy", "emailAddress": "timothy.urness@drake.edu", "primaryIndicator": true, "term": "202320"}], "meetingsFaculty": [{"category": "01", "class": "net.hedtech.banner.student.schedule.SectionSessionDecorator", "courseReferenceNumber": "12871", "faculty": [], "meetingTime": {"beginTime": null, "building": null, "buildingDescription": null, "campus": null, "campusDescription": null, "category": "01", "class": "net.hedtech.banner.general.overall.MeetingTimeDecorator", "courseReferenceNumber": "12871", "creditHourSession": 1.0, "endDate": "05/12/2023", "endTime": null, "friday": false, "hoursWeek": 1.0, "meetingScheduleType": "LEC", "meetingType": "CLAS", "meetingTypeDescription": "Class", "monday": false, "room": null, "saturday": false, "startDate": "01/23/2023", "sunday": false, "term": "202320", "thursday": false, "tuesday": false, "wednesday": false}, "term": "202320"}], "reservedSeatSummary": null, "sectionAttributes": [], "instructionalMethod": "NT", "instructionalMethodDescription": "Non-Traditional", "courseDescription": "Students who are in a work environment related to the major field of study may receive credit for applications of classroom knowledge to their job. The student meets regularly with the adviser to determine appropriate assignments. May be repeated up to a maximum of eight hours of credit.(Graded on a credit/no credit basis.) Prereq: At least junior standing or consent of instructor.", "prerequisites": [], "division": "upper"}, {"id": 182241, "term": "202320", "termDesc": "Spring 2023", "courseReferenceNumber": "12869", "partOfTerm": "1", "courseNumber": "135", "subject": "CS", "subjectDescription": "Computer Sciences", "sequenceNumber": "0", "campusDescription": "Drake University", "scheduleTypeDescription": "Lecture", "courseTitle": "PROGRAMMING LANGUAGES", "creditHours": 3, "maximumEnrollment": 28, "enrollment": 16, "seatsAvailable": 12, "waitCapacity": 5, "waitCount": 0, "waitAvailable": 5, "crossList": null, "crossListCapacity": null, "crossListCount": null, "crossListAvailable": null, "creditHourHigh": null, "creditHourLow": 3, "creditHourIndicator": null, "openSection": true, "linkIdentifier": null, "isSectionLinked": false, "subjectCourse": "CS135", "faculty": [{"bannerId": "53152", "category": null, "class": "net.hedtech.banner.student.faculty.FacultyResultDecorator", "courseReferenceNumber": "12869", "displayName": "Case, Adam", "emailAddress": "adam.case@drake.edu", "primaryIndicator": true, "term": "202320"}], "meetingsFaculty": [{"category": "01", "class": "net.hedtech.banner.student.schedule.SectionSessionDecorator", "courseReferenceNumber": "12869", "faculty": [], "meetingTime": {"beginTime": "1400", "building": "H I", "buildingDescription": "Harvey Ingham", "campus": "DU", "campusDescription": "Drake University", "category": "01", "class": "net.hedtech.banner.general.overall.MeetingTimeDecorator", "courseReferenceNumber": "12869", "creditHourSession": 3.0, "endDate": "05/12/2023", "endTime": "1515", "friday": false, "hoursWeek": 2.5, "meetingScheduleType": "LEC", "meetingType": "CLAS", "meetingTypeDescription": "Class", "monday": false, "room": "0019", "saturday": false, "startDate": "01/23/2023", "sunday": false, "term": "202320", "thursday": true, "tuesday": true, "wednesday": false}, "term": "202320"}], "reservedSeatSummary": null, "sectionAttributes": [], "instructionalMethod": "TR", "instructionalMethodDescription": "Traditional", "courseDescription": "Syntax and semantics of high-level computer languages. Examination of the major decisions in the design and implementation of all algorithmic languages. Examination of the run-time structures required to support modern programming languages and paradigms.  Prereq.: CS 067.", "prerequisites": ["Computer Sciences 067"], "division": "upper"}, {"id": 182240, "term": "202320", "termDesc": "Spring 2023", "courseReferenceNumber": "12868", "partOfTerm": "1", "courseNumber": "066", "subject": "CS", "subjectDescription": "Computer Sciences", "sequenceNumber": "0", "campusDescription": "Drake University", "scheduleTypeDescription": "Lecture", "courseTitle": "INTRO TO CS II", "creditHours": 3, "maximumEnrollment": 28, "enrollment": 31, "seatsAvailable": -3, "waitCapacity": 5, "waitCount": 0, "waitAvailable": 5, "crossList": null, "crossListCapacity": null, "crossListCount": null, "crossListAvailable": null, "creditHourHigh": null, "creditHourLow": 3, "creditHourIndicator": null, "openSection": true, "linkIdentifier": null, "isSectionLinked": false, "subjectCourse": "CS066", "faculty": [{"bannerId": "53109", "category": null, "class": "net.hedtech.banner.student.faculty.FacultyResultDecorator", "courseReferenceNumber": "12868", "displayName": "Manley, Eric", "emailAddress": "eric.manley@drake.edu", "primaryIndicator": true, "term": "202320"}], "meetingsFaculty": [{"category": "01", "class": "net.hedtech.banner.student.schedule.SectionSessionDecorator", "courseReferenceNumber": "12868", "faculty": [], "meetingTime": {"beginTime": "0930", "building": "C-S", "buildingDescription": "Collier-Scripps Hall", "campus": "DU", "campusDescription": "Drake University", "category": "01", "class": "net.hedtech.banner.general.overall.MeetingTimeDecorator", "courseReferenceNumber": "12868", "creditHourSession": 3.0, "endDate": "05/12/2023", "endTime": "1045", "friday": false, "hoursWeek": 2.5, "meetingScheduleType": "LEC", "meetingType": "CLAS", "meetingTypeDescription": "Class", "monday": true, "room": "0235", "saturday": false, "startDate": "01/23/2023", "sunday": false, "term": "202320", "thursday": false, "tuesday": false, "wednesday": true}, "term": "202320"}], "reservedSeatSummary": null, "sectionAttributes": [], "instructionalMethod": "TR", "instructionalMethodDescription": "Traditional", "courseDescription": "Continuance of CS 65 using a block-structured language and emphasizing data abstraction. More general data structures and alternative implementations of them are used in programs, Sorting, searching and tree traversal algorithms are used and analyzed. Provides preparation for further study in computer science. Prereq: CS 65 or equivalent", "prerequisites": ["Computer Sciences 065"], "division": "core"}, {"id": 178078, "term": "202320", "termDesc": "Spring 2023", "courseReferenceNumber": "12838", "partOfTerm": "1", "courseNumber": "083", "subject": "CS", "subjectDescription": "Computer Sciences", "sequenceNumber": "0", "campusDescription": "Drake University", "scheduleTypeDescription": "Lecture", "courseTitle": "COMPUTER ETHICS", "creditHours": 3, "maximumEnrollment": 20, "enrollment": 17, "seatsAvailable": 3, "waitCapacity": 0, "waitCount": 0, "waitAvailable": 0, "crossList": "AI", "crossListCapacity": 20, "crossListCount": 20, "crossListAvailable": 0, "creditHourHigh": null, "creditHourLow": 3, "creditHourIndicator": null, "openSection": true, "linkIdentifier": null, "isSectionLinked": false, "subjectCourse": "CS083", "faculty": [{"bannerId": "53158", "category": null, "class": "net.hedtech.banner.student.faculty.FacultyResultDecorator", "courseReferenceNumber": "12838", "displayName": "Shriver, Adam", "emailAddress": "adam.shriver@drake.edu", "primaryIndicator": true, "term": "202320"}], "meetingsFaculty": [{"category": "01", "class": "net.hedtech.banner.student.schedule.SectionSessionDecorator", "courseReferenceNumber": "12838", "faculty": [], "meetingTime": {"beginTime": "1230", "building": "C-S", "buildingDescription": "Collier-Scripps Hall", "campus": "DU", "campusDescription": "Drake University", "category": "01", "class": "net.hedtech.banner.general.overall.MeetingTimeDecorator", "courseReferenceNumber": "12838", "creditHourSession": 3.0, "endDate": "05/12/2023", "endTime": "1345", "friday": false, "hoursWeek": 2.5, "meetingScheduleType": "LEC", "meetingType": "CLAS", "meetingTypeDescription": "Class", "monday": false, "room": "0207", "saturday": false, "startDate": "01/23/2023", "sunday": false, "term": "202320", "thursday": true, "tuesday": true, "wednesday": false}, "term": "202320"}], "reservedSeatSummary": null, "sectionAttributes": [{"class": "net.hedtech.banner.student.schedule.SectionDegreeProgramAttributeDecorator", "code": "ISHS", "courseReferenceNumber": "12838", "description": "Int Study Humanities/Sciences", "isZTCAttribute": false, "termCode": "202320"}, {"class": "net.hedtech.banner.student.schedule.SectionDegreeProgramAttributeDecorator", "code": "VE", "courseReferenceNumber": "12838", "description": "Values and Ethics", "isZTCAttribute": false, "termCode": "202320"}], "instructionalMethod": "TR", "instructionalMethodDescription": "Traditional", "courseDescription": "This course increases understanding of issues related to ethics, professional conduct and social responsibility as they arise in Computer Science and applications of Information Technology.\nAdditionally, the course serves to develop 1) the ability to think clearly; 2) habits of professsional responsibility and behavior; and 3) effective writing and presentation skills.  Students are exposed to the history of the discipline fro a social point of view, and to various frameworks from which ethical and professional decisions must be made within the discipline.", "prerequisites": [], "division": "core"}, {"id": 177951, "term": "202320", "termDesc": "Spring 2023", "courseReferenceNumber": "12711", "partOfTerm": "1", "courseNumber": "178", "subject": "CS", "subjectDescription": "Computer Sciences", "sequenceNumber": "0", "campusDescription": "Drake University", "scheduleTypeDescription": "Lecture", "courseTitle": "CLOUD AND DATABASE SYSTEMS", "creditHours": 3, "maximumEnrollment": 32, "enrollment": 32, "seatsAvailable": 0, "waitCapacity": 10, "waitCount": 0, "waitAvailable": 10, "crossList": null, "crossListCapacity": null, "crossListCount": null, "crossListAvailable": null, "creditHourHigh": null, "creditHourLow": 3, "creditHourIndicator": null, "openSection": true, "linkIdentifier": null, "isSectionLinked": false, "subjectCourse": "CS178", "faculty": [{"bannerId": "53142", "category": null, "class": "net.hedtech.banner.student.faculty.FacultyResultDecorator", "courseReferenceNumber": "12711", "displayName": "Urness, Timothy", "emailAddress": "timothy.urness@drake.edu", "primaryIndicator": true, "term": "202320"}], "meetingsFaculty": [{"category": "01", "class": "net.hedtech.banner.student.schedule.SectionSessionDecorator", "courseReferenceNumber": "12711", "faculty": [], "meetingTime": {"beginTime": "0930", "building": "C-S", "buildingDescription": "Collier-Scripps Hall", "campus": "DU", "campusDescription": "Drake University", "category": "01", "class": "net.hedtech.banner.general.overall.MeetingTimeDecorator", "courseReferenceNumber": "12711", "creditHourSession": 3.0, "endDate": "05/12/2023", "endTime": "1045", "friday": false, "hoursWeek": 2.5, "meetingScheduleType": "LEC", "meetingType": "CLAS", "meetingTypeDescription": "Class", "monday": true, "room": "0301", "saturday": false, "startDate": "01/23/2023", "sunday": false, "term": "202320", "thursday": false, "tuesday": false, "wednesday": true}, "term": "202320"}], "reservedSeatSummary": null, "sectionAttributes": [], "instructionalMethod": "TR", "instructionalMethodDescription": "Traditional", "courseDescription": "Data sets have become so large and complex that a new set of software tools must be developed in order to facilitate questions that can lead to impactful insights.  This course will provide an in-depth study of tools and techniques used to process 'big data' stored on multiple computers. Topics include virtualization, python programming, the Hadoop ecosystem, MapReduce programming, Amazon Web Services, database querying including SQL and NoSQL programming.", "prerequisites": ["Computer Sciences 066"], "division": "upper"}, {"id": 177850, "term": "202320", "termDesc": "Spring 2023", "courseReferenceNumber": "12607", "partOfTerm": "1", "courseNumber": "190", "subject": "CS", "subjectDescription": "Computer Sciences", "sequenceNumber": "0", "campusDescription": "Drake University", "scheduleTypeDescription": "Lecture", "courseTitle": "CASE STUDIES IN DATA ANALYTICS", "creditHours": 3, "maximumEnrollment": 28, "enrollment": 5, "seatsAvailable": 23, "waitCapacity": 5, "waitCount": 0, "waitAvailable": 5, "crossList": "DA", "crossListCapacity": 35, "crossListCount": 16, "crossListAvailable": 19, "creditHourHigh": null, "creditHourLow": 3, "creditHourIndicator": null, "openSection": true, "linkIdentifier": null, "isSectionLinked": false, "subjectCourse": "CS190", "faculty": [{"bannerId": "53137", "category": null, "class": "net.hedtech.banner.student.faculty.FacultyResultDecorator", "courseReferenceNumber": "12607", "displayName": "Follett, Lendie", "emailAddress": "lendie.follett@drake.edu", "primaryIndicator": true, "term": "202320"}], "meetingsFaculty": [{"category": "01", "class": "net.hedtech.banner.student.schedule.SectionSessionDecorator", "courseReferenceNumber": "12607", "faculty": [], "meetingTime": {"beginTime": "0930", "building": "ALIB", "buildingDescription": "Aliber Hall", "campus": "DU", "campusDescription": "Drake University", "category": "01", "class": "net.hedtech.banner.general.overall.MeetingTimeDecorator", "courseReferenceNumber": "12607", "creditHourSession": 3.0, "endDate": "05/12/2023", "endTime": "1045", "friday": false, "hoursWeek": 2.5, "meetingScheduleType": "LEC", "meetingType": "CLAS", "meetingTypeDescription": "Class", "monday": true, "room": "0006", "saturday": false, "startDate": "01/23/2023", "sunday": false, "term": "202320", "thursday": false, "tuesday": false, "wednesday": true}, "term": "202320"}], "reservedSeatSummary": null, "sectionAttributes": [{"class": "net.hedtech.banner.student.schedule.SectionDegreeProgramAttributeDecorator", "code": "CEL", "courseReferenceNumber": "12607", "description": "Community Engaged Learning", "isZTCAttribute": false, "termCode": "202320"}], "instructionalMethod": "TR", "instructionalMethodDescription": "Traditional", "courseDescription": "In this course, students will apply descriptive, predictive, and prescriptive data analysis methods learned in previous courses to new cases. Students will learn to effectively manage long-term data analysis projects within diverse teams through a complete data analytics project lifecycle and compellingly communicate outcomes through writing and oral presentations which include appropriate use of data visualizations. Credits: 3. Pre-requisites: (1) CS 066, (2) STAT/MATH 130 or ACTS/MATH 131, and (3) two of STAT 170, STAT 172, CS 167, CS 178.", "prerequisites": ["Computer Sciences 066", "And (Statistics 130 Or Mathematics 130 Or Actuarial Science 131 Or Mathematics 131)", "And (Statistics 170 And Statistics 172)", "Or (Statistics 170 And Computer Sciences 167)", "Or (Statistics 170 And Computer Sciences 178)", "Or (Statistics 172 And Computer Sciences 167)", "Or (Statistics 172 And Computer Sciences 178)", "Or (Computer Sciences 167 And Computer Sciences 178)"], "division": "upper"}, {"id": 177841, "term": "202320", "termDesc": "Spring 2023", "courseReferenceNumber": "12598", "partOfTerm": "1", "courseNumber": "067", "subject": "CS", "subjectDescription": "Computer Sciences", "sequenceNumber": "0", "campusDescription": "Drake University", "scheduleTypeDescription": "Lecture", "courseTitle": "OBJECT-ORIENTED PROGRAMMING", "creditHours": 3, "maximumEnrollment": 28, "enrollment": 28, "seatsAvailable": 0, "waitCapacity": 5, "waitCount": 2, "waitAvailable": 3, "crossList": null, "crossListCapacity": null, "crossListCount": null, "crossListAvailable": null, "creditHourHigh": null, "creditHourLow": 3, "creditHourIndicator": null, "openSection": true, "linkIdentifier": null, "isSectionLinked": false, "subjectCourse": "CS067", "faculty": [{"bannerId": "53152", "category": null, "class": "net.hedtech.banner.student.faculty.FacultyResultDecorator", "courseReferenceNumber": "12598", "displayName": "Case, Adam", "emailAddress": "adam.case@drake.edu", "primaryIndicator": true, "term": "202320"}], "meetingsFaculty": [{"category": "01", "class": "net.hedtech.banner.student.schedule.SectionSessionDecorator", "courseReferenceNumber": "12598", "faculty": [], "meetingTime": {"beginTime": "0930", "building": "C-S", "buildingDescription": "Collier-Scripps Hall", "campus": "DU", "campusDescription": "Drake University", "category": "01", "class": "net.hedtech.banner.general.overall.MeetingTimeDecorator", "courseReferenceNumber": "12598", "creditHourSession": 3.0, "endDate": "05/12/2023", "endTime": "1045", "friday": false, "hoursWeek": 2.5, "meetingScheduleType": "LEC", "meetingType": "CLAS", "meetingTypeDescription": "Class", "monday": false, "room": "0235", "saturday": false, "startDate": "01/23/2023", "sunday": false, "term": "202320", "thursday": true, "tuesday": true, "wednesday": false}, "term": "202320"}], "reservedSeatSummary": null, "sectionAttributes": [], "instructionalMethod": "TR", "instructionalMethodDescription": "Traditional", "courseDescription": "This course introduces students to object-oriented programming (OOP). Students will learn OOP concepts such as classes, objects, encapsulation, messaging, data hiding, inheritance, and polymorphism. Generic programming and OOP design patterns will also be taught. Students will encounter advanced programming projects where unit testing and exception handling will be stressed. Other topics include serialization and GUI construction. Prereq.: CS 066.", "prerequisites": ["Computer Sciences 066"], "division": "core"}, {"id": 177626, "term": "202320", "termDesc": "Spring 2023", "courseReferenceNumber": "12310", "partOfTerm": "1", "courseNumber": "140", "subject": "CS", "subjectDescription": "Computer Sciences", "sequenceNumber": "0", "campusDescription": "Drake University", "scheduleTypeDescription": "Lecture", "courseTitle": "WELLMARK INTERNSHIP", "creditHours": 1, "maximumEnrollment": 8, "enrollment": 7, "seatsAvailable": 1, "waitCapacity": 0, "waitCount": 0, "waitAvailable": 0, "crossList": null, "crossListCapacity": null, "crossListCount": null, "crossListAvailable": null, "creditHourHigh": 3, "creditHourLow": 1, "creditHourIndicator": "TO", "openSection": true, "linkIdentifier": null, "isSectionLinked": false, "subjectCourse": "CS140", "faculty": [{"bannerId": "53142", "category": null, "class": "net.hedtech.banner.student.faculty.FacultyResultDecorator", "courseReferenceNumber": "12310", "displayName": "Urness, Timothy", "emailAddress": "timothy.urness@drake.edu", "primaryIndicator": true, "term": "202320"}], "meetingsFaculty": [{"category": "01", "class": "net.hedtech.banner.student.schedule.SectionSessionDecorator", "courseReferenceNumber": "12310", "faculty": [], "meetingTime": {"beginTime": null, "building": null, "buildingDescription": null, "campus": null, "campusDescription": null, "category": "01", "class": "net.hedtech.banner.general.overall.MeetingTimeDecorator", "courseReferenceNumber": "12310", "creditHourSession": 1.0, "endDate": "05/12/2023", "endTime": null, "friday": false, "hoursWeek": 1.0, "meetingScheduleType": "LEC", "meetingType": "CLAS", "meetingTypeDescription": "Class", "monday": false, "room": null, "saturday": false, "startDate": "01/23/2023", "sunday": false, "term": "202320", "thursday": false, "tuesday": false, "wednesday": false}, "term": "202320"}], "reservedSeatSummary": null, "sectionAttributes": [], "instructionalMethod": "NT", "instructionalMethodDescription": "Non-Traditional", "courseDescription": "Students who are in a work environment related to the major field of study may receive credit for applications of classroom knowledge to their job. The student meets regularly with the adviser to determine appropriate assignments. May be repeated up to a maximum of eight hours of credit.(Graded on a credit/no credit basis.) Prereq: At least junior standing or consent of instructor.", "prerequisites": [], "division": "upper"}, {"id": 177625, "term": "202320", "termDesc": "Spring 2023", "courseReferenceNumber": "12309", "partOfTerm": "1", "courseNumber": "140", "subject": "CS", "subjectDescription": "Computer Sciences", "sequenceNumber": "0", "campusDescription": "Drake University", "scheduleTypeDescription": "Lecture", "courseTitle": "WELLMARK INTERNSHIP", "creditHours": 1, "maximumEnrollment": 11, "enrollment": 10, "seatsAvailable": 1, "waitCapacity": 0, "waitCount": 0, "waitAvailable": 0, "crossList": null, "crossListCapacity": null, "crossListCount": null, "crossListAvailable": null, "creditHourHigh": 3, "creditHourLow": 1, "creditHourIndicator": "TO", "openSection": true, "linkIdentifier": null, "isSectionLinked": false, "subjectCourse": "CS140", "faculty": [{"bannerId": "53142", "category": null, "class": "net.hedtech.banner.student.faculty.FacultyResultDecorator", "courseReferenceNumber": "12309", "displayName": "Urness, Timothy", "emailAddress": "timothy.urness@drake.edu", "primaryIndicator": true, "term": "202320"}], "meetingsFaculty": [{"category": "01", "class": "net.hedtech.banner.student.schedule.SectionSessionDecorator", "courseReferenceNumber": "12309", "faculty": [], "meetingTime": {"beginTime": null, "building": null, "buildingDescription": null, "campus": null, "campusDescription": null, "category": "01", "class": "net.hedtech.banner.general.overall.MeetingTimeDecorator", "courseReferenceNumber": "12309", "creditHourSession": 1.0, "endDate": "05/12/2023", "endTime": null, "friday": false, "hoursWeek": 1.0, "meetingScheduleType": "LEC", "meetingType": "CLAS", "meetingTypeDescription": "Class", "monday": false, "room": null, "saturday": false, "startDate": "01/23/2023", "sunday": false, "term": "202320", "thursday": false, "tuesday": false, "wednesday": false}, "term": "202320"}], "reservedSeatSummary": null, "sectionAttributes": [], "instructionalMethod": "NT", "instructionalMethodDescription": "Non-Traditional", "courseDescription": "Students who are in a work environment related to the major field of study may receive credit for applications of classroom knowledge to their job. The student meets regularly with the adviser to determine appropriate assignments. May be repeated up to a maximum of eight hours of credit.(Graded on a credit/no credit basis.) Prereq: At least junior standing or consent of instructor.", "prerequisites": [], "division": "upper"}, {"id": 177589, "term": "202320", "termDesc": "Spring 2023", "courseReferenceNumber": "12267", "partOfTerm": "1", "courseNumber": "190", "subject": "CS", "subjectDescription": "Computer Sciences", "sequenceNumber": "3", "campusDescription": "Drake University", "scheduleTypeDescription": "Lecture", "courseTitle": "CASE STUDIES IN DATA ANALYTICS", "creditHours": 3, "maximumEnrollment": 28, "enrollment": 6, "seatsAvailable": 22, "waitCapacity": 0, "waitCount": 0, "waitAvailable": 0, "crossList": "EJ", "crossListCapacity": 35, "crossListCount": 37, "crossListAvailable": -2, "creditHourHigh": null, "creditHourLow": 3, "creditHourIndicator": null, "openSection": true, "linkIdentifier": null, "isSectionLinked": false, "subjectCourse": "CS190", "faculty": [{"bannerId": "53137", "category": null, "class": "net.hedtech.banner.student.faculty.FacultyResultDecorator", "courseReferenceNumber": "12267", "displayName": "Follett, Lendie", "emailAddress": "lendie.follett@drake.edu", "primaryIndicator": true, "term": "202320"}], "meetingsFaculty": [{"category": "01", "class": "net.hedtech.banner.student.schedule.SectionSessionDecorator", "courseReferenceNumber": "12267", "faculty": [], "meetingTime": {"beginTime": "1100", "building": "ALIB", "buildingDescription": "Aliber Hall", "campus": "DU", "campusDescription": "Drake University", "category": "01", "class": "net.hedtech.banner.general.overall.MeetingTimeDecorator", "courseReferenceNumber": "12267", "creditHourSession": 3.0, "endDate": "05/12/2023", "endTime": "1215", "friday": false, "hoursWeek": 2.5, "meetingScheduleType": "LEC", "meetingType": "CLAS", "meetingTypeDescription": "Class", "monday": true, "room": "0006", "saturday": false, "startDate": "01/23/2023", "sunday": false, "term": "202320", "thursday": false, "tuesday": false, "wednesday": true}, "term": "202320"}], "reservedSeatSummary": null, "sectionAttributes": [{"class": "net.hedtech.banner.student.schedule.SectionDegreeProgramAttributeDecorator", "code": "CEL", "courseReferenceNumber": "12267", "description": "Community Engaged Learning", "isZTCAttribute": false, "termCode": "202320"}], "instructionalMethod": "TR", "instructionalMethodDescription": "Traditional", "courseDescription": "In this course, students will apply descriptive, predictive, and prescriptive data analysis methods learned in previous courses to new cases. Students will learn to effectively manage long-term data analysis projects within diverse teams through a complete data analytics project lifecycle and compellingly communicate outcomes through writing and oral presentations which include appropriate use of data visualizations. Credits: 3. Pre-requisites: (1) CS 066, (2) STAT/MATH 130 or ACTS/MATH 131, and (3) two of STAT 170, STAT 172, CS 167, CS 178.", "prerequisites": ["Computer Sciences 066", "And (Statistics 130 Or Mathematics 130 Or Actuarial Science 131 Or Mathematics 131)", "And (Statistics 170 And Statistics 172)", "Or (Statistics 170 And Computer Sciences 167)", "Or (Statistics 170 And Computer Sciences 178)", "Or (Statistics 172 And Computer Sciences 167)", "Or (Statistics 172 And Computer Sciences 178)", "Or (Computer Sciences 167 And Computer Sciences 178)"], "division": "upper"}, {"id": 177545, "term": "202320", "termDesc": "Spring 2023", "courseReferenceNumber": "12222", "partOfTerm": "1", "courseNumber": "191", "subject": "CS", "subjectDescription": "Computer Sciences", "sequenceNumber": "0", "campusDescription": "Drake University", "scheduleTypeDescription": "Lecture", "courseTitle": "COMPUTER SCIENCE CAPSTONE", "creditHours": 3, "maximumEnrollment": 40, "enrollment": 37, "seatsAvailable": 3, "waitCapacity": 10, "waitCount": 0, "waitAvailable": 10, "crossList": null, "crossListCapacity": null, "crossListCount": null, "crossListAvailable": null, "creditHourHigh": null, "creditHourLow": 3, "creditHourIndicator": null, "openSection": true, "linkIdentifier": null, "isSectionLinked": false, "subjectCourse": "CS191", "faculty": [{"bannerId": "53089", "category": null, "class": "net.hedtech.banner.student.faculty.FacultyResultDecorator", "courseReferenceNumber": "12222", "displayName": "Moore, Meredith", "emailAddress": "meredith.moore@drake.edu", "primaryIndicator": true, "term": "202320"}], "meetingsFaculty": [{"category": "01", "class": "net.hedtech.banner.student.schedule.SectionSessionDecorator", "courseReferenceNumber": "12222", "faculty": [], "meetingTime": {"beginTime": "1230", "building": "C-S", "buildingDescription": "Collier-Scripps Hall", "campus": "DU", "campusDescription": "Drake University", "category": "01", "class": "net.hedtech.banner.general.overall.MeetingTimeDecorator", "courseReferenceNumber": "12222", "creditHourSession": 3.0, "endDate": "05/12/2023", "endTime": "1345", "friday": false, "hoursWeek": 2.5, "meetingScheduleType": "LEC", "meetingType": "CLAS", "meetingTypeDescription": "Class", "monday": true, "room": "0301", "saturday": false, "startDate": "01/23/2023", "sunday": false, "term": "202320", "thursday": false, "tuesday": false, "wednesday": true}, "term": "202320"}], "reservedSeatSummary": null, "sectionAttributes": [], "instructionalMethod": "TR", "instructionalMethodDescription": "Traditional", "courseDescription": "The purpose of a capstone is for students, in small groups, to undertake an independent project that applies and synthesizes what they have learned in their major. This course typically is taken in one of the student's final two semesters at Drake, but is only offered one semester per year. The project generally involves developing a significant software package, with a written paper documenting this effort, and a public poster presentation at the end of the semester. Several milestones and target dates may be set for this project at the start of the course, and these might involve in-class demonstrations. However, at a student's request, the instructor may in some cases modify the project parameters, as for example, replacing software development with an in-depth research project into theoretical computer science.", "prerequisites": ["Computer Sciences 188"], "division": "core"}, {"id": 177544, "term": "202320", "termDesc": "Spring 2023", "courseReferenceNumber": "12221", "partOfTerm": "1", "courseNumber": "143", "subject": "CS", "subjectDescription": "Computer Sciences", "sequenceNumber": "0", "campusDescription": "Drake University", "scheduleTypeDescription": "Lecture", "courseTitle": "ARTIFICIAL INTELLIGENCE", "creditHours": 3, "maximumEnrollment": 32, "enrollment": 31, "seatsAvailable": 1, "waitCapacity": 10, "waitCount": 0, "waitAvailable": 10, "crossList": null, "crossListCapacity": null, "crossListCount": null, "crossListAvailable": null, "creditHourHigh": null, "creditHourLow": 3, "creditHourIndicator": null, "openSection": true, "linkIdentifier": null, "isSectionLinked": false, "subjectCourse": "CS143", "faculty": [{"bannerId": "53118", "category": null, "class": "net.hedtech.banner.student.faculty.FacultyResultDecorator", "courseReferenceNumber": "12221", "displayName": "Reza, Md", "emailAddress": "md.reza@drake.edu", "primaryIndicator": true, "term": "202320"}], "meetingsFaculty": [{"category": "01", "class": "net.hedtech.banner.student.schedule.SectionSessionDecorator", "courseReferenceNumber": "12221", "faculty": [], "meetingTime": {"beginTime": "1530", "building": "SCB", "buildingDescription": "Science Connector Building", "campus": "DU", "campusDescription": "Drake University", "category": "01", "class": "net.hedtech.banner.general.overall.MeetingTimeDecorator", "courseReferenceNumber": "12221", "creditHourSession": 3.0, "endDate": "05/12/2023", "endTime": "1645", "friday": false, "hoursWeek": 2.5, "meetingScheduleType": "LEC", "meetingType": "CLAS", "meetingTypeDescription": "Class", "monday": false, "room": "0101", "saturday": false, "startDate": "01/23/2023", "sunday": false, "term": "202320", "thursday": true, "tuesday": true, "wednesday": false}, "term": "202320"}], "reservedSeatSummary": null, "sectionAttributes": [], "instructionalMethod": "TR", "instructionalMethodDescription": "Traditional", "courseDescription": "Introduction to the theory, tools and methods of artificial intelligence. Topics include knowledge representation, predicate calculus, basic data structures, and problem solving strategies.  A symbol manipulation language is used. Computer science aspects of artificial intelligence are emphasized.  Applications from areas such as natural language understanding, vision or expert systems are examined.  Prereq.:  CS 66", "prerequisites": ["Computer Sciences 066"], "division": "upper"}, {"id": 177543, "term": "202320", "termDesc": "Spring 2023", "courseReferenceNumber": "12220", "partOfTerm": "1", "courseNumber": "150", "subject": "CS", "subjectDescription": "Computer Sciences", "sequenceNumber": "1", "campusDescription": "Drake University", "scheduleTypeDescription": "Lecture", "courseTitle": "DISCRETE  STRUCTURES", "creditHours": 3, "maximumEnrollment": 25, "enrollment": 5, "seatsAvailable": 20, "waitCapacity": 0, "waitCount": 0, "waitAvailable": 0, "crossList": "CS", "crossListCapacity": 30, "crossListCount": 17, "crossListAvailable": 13, "creditHourHigh": null, "creditHourLow": 3, "creditHourIndicator": null, "openSection": true, "linkIdentifier": null, "isSectionLinked": false, "subjectCourse": "CS150", "faculty": [{"bannerId": "53136", "category": null, "class": "net.hedtech.banner.student.faculty.FacultyResultDecorator", "courseReferenceNumber": "12220", "displayName": "Carlson, Joshua", "emailAddress": "joshua.carlson@drake.edu", "primaryIndicator": true, "term": "202320"}], "meetingsFaculty": [{"category": "01", "class": "net.hedtech.banner.student.schedule.SectionSessionDecorator", "courseReferenceNumber": "12220", "faculty": [], "meetingTime": {"beginTime": "1100", "building": "C-S", "buildingDescription": "Collier-Scripps Hall", "campus": "DU", "campusDescription": "Drake University", "category": "01", "class": "net.hedtech.banner.general.overall.MeetingTimeDecorator", "courseReferenceNumber": "12220", "creditHourSession": 3.0, "endDate": "05/12/2023", "endTime": "1215", "friday": false, "hoursWeek": 2.5, "meetingScheduleType": "LEC", "meetingType": "CLAS", "meetingTypeDescription": "Class", "monday": false, "room": "0335", "saturday": false, "startDate": "01/23/2023", "sunday": false, "term": "202320", "thursday": true, "tuesday": true, "wednesday": false}, "term": "202320"}], "reservedSeatSummary": null, "sectionAttributes": [], "instructionalMethod": "TR", "instructionalMethodDescription": "Traditional", "courseDescription": "The course covers subjects in discrete mathematics with applications to computer science. Topics include algorithms, graph theory and combinatorics. Prereq.: CS 65 and MATH 101. Crosslisted with MATH 150.", "prerequisites": ["Computer Sciences 065", "And Mathematics 101"], "division": "upper"}, {"id": 177528, "term": "202320", "termDesc": "Spring 2023", "courseReferenceNumber": "12201", "partOfTerm": "1", "courseNumber": "167", "subject": "CS", "subjectDescription": "Computer Sciences", "sequenceNumber": "1", "campusDescription": "Drake University", "scheduleTypeDescription": "Lecture", "courseTitle": "MACHINE LEARNING", "creditHours": 3, "maximumEnrollment": 32, "enrollment": 32, "seatsAvailable": 0, "waitCapacity": 10, "waitCount": 0, "waitAvailable": 10, "crossList": null, "crossListCapacity": null, "crossListCount": null, "crossListAvailable": null, "creditHourHigh": null, "creditHourLow": 3, "creditHourIndicator": null, "openSection": true, "linkIdentifier": null, "isSectionLinked": false, "subjectCourse": "CS167", "faculty": [{"bannerId": "53089", "category": null, "class": "net.hedtech.banner.student.faculty.FacultyResultDecorator", "courseReferenceNumber": "12201", "displayName": "Moore, Meredith", "emailAddress": "meredith.moore@drake.edu", "primaryIndicator": true, "term": "202320"}], "meetingsFaculty": [{"category": "01", "class": "net.hedtech.banner.student.schedule.SectionSessionDecorator", "courseReferenceNumber": "12201", "faculty": [], "meetingTime": {"beginTime": "1100", "building": "H I", "buildingDescription": "Harvey Ingham", "campus": "DU", "campusDescription": "Drake University", "category": "01", "class": "net.hedtech.banner.general.overall.MeetingTimeDecorator", "courseReferenceNumber": "12201", "creditHourSession": 3.0, "endDate": "05/12/2023", "endTime": "1215", "friday": false, "hoursWeek": 2.5, "meetingScheduleType": "LEC", "meetingType": "CLAS", "meetingTypeDescription": "Class", "monday": false, "room": "0019", "saturday": false, "startDate": "01/23/2023", "sunday": false, "term": "202320", "thursday": true, "tuesday": true, "wednesday": false}, "term": "202320"}], "reservedSeatSummary": null, "sectionAttributes": [], "instructionalMethod": "TR", "instructionalMethodDescription": "Traditional", "courseDescription": "This course introduces approaches to developing computer programs that learn from data.  Both foundational and contemporary machine learning algorithms will be covered in the context of a variety of data and problem types.  Specific topics will vary but may include artificial neural networks, decision trees, instance-based learning, Bayesian learning, support vector machines, hidden Markov models, reinforcement learning, and natural language processing.  Students will develop their own implementations of the algorithms as well as utilize modern machine learning software and programming libraries.  Pre-requisite: CS 065 and (CS 066 or STAT 040).", "prerequisites": ["Computer Sciences 065", "And (Computer Sciences 066 Or Statistics 040)"], "division": "upper"}, {"id": 177199, "term": "202320", "termDesc": "Spring 2023", "courseReferenceNumber": "11709", "partOfTerm": "1", "courseNumber": "188", "subject": "CS", "subjectDescription": "Computer Sciences", "sequenceNumber": "0", "campusDescription": "Drake University", "scheduleTypeDescription": "Lecture", "courseTitle": "SOFTWARE ENGINEERING", "creditHours": 3, "maximumEnrollment": 24, "enrollment": 22, "seatsAvailable": 2, "waitCapacity": 3, "waitCount": 0, "waitAvailable": 3, "crossList": null, "crossListCapacity": null, "crossListCount": null, "crossListAvailable": null, "creditHourHigh": null, "creditHourLow": 3, "creditHourIndicator": null, "openSection": true, "linkIdentifier": null, "isSectionLinked": false, "subjectCourse": "CS188", "faculty": [{"bannerId": "53120", "category": null, "class": "net.hedtech.banner.student.faculty.FacultyResultDecorator", "courseReferenceNumber": "11709", "displayName": "Bartemes, Theodore", "emailAddress": "theodore.bartemes@drake.edu", "primaryIndicator": true, "term": "202320"}], "meetingsFaculty": [{"category": "01", "class": "net.hedtech.banner.student.schedule.SectionSessionDecorator", "courseReferenceNumber": "11709", "faculty": [], "meetingTime": {"beginTime": "1700", "building": "C-S", "buildingDescription": "Collier-Scripps Hall", "campus": "DU", "campusDescription": "Drake University", "category": "01", "class": "net.hedtech.banner.general.overall.MeetingTimeDecorator", "courseReferenceNumber": "11709", "creditHourSession": 3.0, "endDate": "05/12/2023", "endTime": "1815", "friday": false, "hoursWeek": 2.5, "meetingScheduleType": "LEC", "meetingType": "CLAS", "meetingTypeDescription": "Class", "monday": true, "room": "0308", "saturday": false, "startDate": "01/23/2023", "sunday": false, "term": "202320", "thursday": false, "tuesday": false, "wednesday": true}, "term": "202320"}], "reservedSeatSummary": null, "sectionAttributes": [], "instructionalMethod": "TR", "instructionalMethodDescription": "Traditional", "courseDescription": "Developing sofrware is fundamentally different from writing programs. While programming expertise is a critical skill, the ability to produce software that is useful, usable and accepted by a broad audience requires much more to be successful. This course will expose you to some intracacies of developing Software. We will survey the field of software engineering, convering the life cycle of software, various developmental strategies, requirement analysis, design tools, and testing methodologies. These concepts will be explored in theory as well as in practice: you will gain experience in conceiving, specifying, designing, developing and implementing a reasonably sized software solution.", "prerequisites": ["Computer Sciences 067"], "division": "core"}, {"id": 177198, "term": "202320", "termDesc": "Spring 2023", "courseReferenceNumber": "11708", "partOfTerm": "1", "courseNumber": "139", "subject": "CS", "subjectDescription": "Computer Sciences", "sequenceNumber": "0", "campusDescription": "Drake University", "scheduleTypeDescription": "Lecture", "courseTitle": "THEORY OF COMPUTATION", "creditHours": 3, "maximumEnrollment": 28, "enrollment": 20, "seatsAvailable": 8, "waitCapacity": 10, "waitCount": 0, "waitAvailable": 10, "crossList": "TK", "crossListCapacity": 35, "crossListCount": 24, "crossListAvailable": 11, "creditHourHigh": null, "creditHourLow": 3, "creditHourIndicator": null, "openSection": true, "linkIdentifier": null, "isSectionLinked": false, "subjectCourse": "CS139", "faculty": [{"bannerId": "53119", "category": null, "class": "net.hedtech.banner.student.faculty.FacultyResultDecorator", "courseReferenceNumber": "11708", "displayName": "Migunov, Andrei", "emailAddress": "andrei.migunov@drake.edu", "primaryIndicator": true, "term": "202320"}], "meetingsFaculty": [{"category": "01", "class": "net.hedtech.banner.student.schedule.SectionSessionDecorator", "courseReferenceNumber": "11708", "faculty": [], "meetingTime": {"beginTime": "1400", "building": "C-S", "buildingDescription": "Collier-Scripps Hall", "campus": "DU", "campusDescription": "Drake University", "category": "01", "class": "net.hedtech.banner.general.overall.MeetingTimeDecorator", "courseReferenceNumber": "11708", "creditHourSession": 3.0, "endDate": "05/12/2023", "endTime": "1515", "friday": false, "hoursWeek": 2.5, "meetingScheduleType": "LEC", "meetingType": "CLAS", "meetingTypeDescription": "Class", "monday": true, "room": "0335", "saturday": false, "startDate": "01/23/2023", "sunday": false, "term": "202320", "thursday": false, "tuesday": false, "wednesday": true}, "term": "202320"}], "reservedSeatSummary": null, "sectionAttributes": [], "instructionalMethod": "TR", "instructionalMethodDescription": "Traditional", "courseDescription": "Theoretical foundations of computing. Introduction to formal grammars, languages and automata theory. Mathematical analysis of the fundamental power and limitations of computing devices. Applications to pattern matching, problem specification, programming languages and compilers. Prereq.: CS 065 and either MATH 054 or MATH/CS 150.", "prerequisites": ["Computer Sciences 065", "And Computer Sciences 050", "And (Mathematics 054 Or Mathematics 101)"], "division": "upper"}, {"id": 177196, "term": "202320", "termDesc": "Spring 2023", "courseReferenceNumber": "11704", "partOfTerm": "1", "courseNumber": "065", "subject": "CS", "subjectDescription": "Computer Sciences", "sequenceNumber": "0", "campusDescription": "Drake University", "scheduleTypeDescription": "Lecture", "courseTitle": "INTRO TO CS I", "creditHours": 3, "maximumEnrollment": 32, "enrollment": 27, "seatsAvailable": 5, "waitCapacity": 10, "waitCount": 0, "waitAvailable": 10, "crossList": null, "crossListCapacity": null, "crossListCount": null, "crossListAvailable": null, "creditHourHigh": null, "creditHourLow": 3, "creditHourIndicator": null, "openSection": true, "linkIdentifier": null, "isSectionLinked": false, "subjectCourse": "CS065", "faculty": [{"bannerId": "53118", "category": null, "class": "net.hedtech.banner.student.faculty.FacultyResultDecorator", "courseReferenceNumber": "11704", "displayName": "Reza, Md", "emailAddress": "md.reza@drake.edu", "primaryIndicator": true, "term": "202320"}], "meetingsFaculty": [{"category": "01", "class": "net.hedtech.banner.student.schedule.SectionSessionDecorator", "courseReferenceNumber": "11704", "faculty": [], "meetingTime": {"beginTime": "0930", "building": "C-S", "buildingDescription": "Collier-Scripps Hall", "campus": "DU", "campusDescription": "Drake University", "category": "01", "class": "net.hedtech.banner.general.overall.MeetingTimeDecorator", "courseReferenceNumber": "11704", "creditHourSession": 3.0, "endDate": "05/12/2023", "endTime": "1045", "friday": false, "hoursWeek": 2.5, "meetingScheduleType": "LEC", "meetingType": "CLAS", "meetingTypeDescription": "Class", "monday": false, "room": "0301", "saturday": false, "startDate": "01/23/2023", "sunday": false, "term": "202320", "thursday": true, "tuesday": true, "wednesday": false}, "term": "202320"}], "reservedSeatSummary": null, "sectionAttributes": [{"class": "net.hedtech.banner.student.schedule.SectionDegreeProgramAttributeDecorator", "code": "CRIT", "courseReferenceNumber": "11704", "description": "Critical Thinking", "isZTCAttribute": false, "termCode": "202320"}, {"class": "net.hedtech.banner.student.schedule.SectionDegreeProgramAttributeDecorator", "code": "INFO", "courseReferenceNumber": "11704", "description": "Information Literacy", "isZTCAttribute": false, "termCode": "202320"}], "instructionalMethod": "TR", "instructionalMethodDescription": "Traditional", "courseDescription": "Algorithms, programming, program structures and computing systems. Debugging and verification of programs, data presentation. Computer solution of problems using a high- level language. Prereq.: Four years of high school mathematics or MATH 20.", "prerequisites": [], "division": "core"}, {"id": 176907, "term": "202320", "termDesc": "Spring 2023", "courseReferenceNumber": "11158", "partOfTerm": "1", "courseNumber": "083", "subject": "CS", "subjectDescription": "Computer Sciences", "sequenceNumber": "0", "campusDescription": "Drake University", "scheduleTypeDescription": "Lecture", "courseTitle": "COMPUTER ETHICS", "creditHours": 3, "maximumEnrollment": 25, "enrollment": 25, "seatsAvailable": 0, "waitCapacity": 10, "waitCount": 2, "waitAvailable": 8, "crossList": null, "crossListCapacity": null, "crossListCount": null, "crossListAvailable": null, "creditHourHigh": null, "creditHourLow": 3, "creditHourIndicator": null, "openSection": true, "linkIdentifier": null, "isSectionLinked": false, "subjectCourse": "CS083", "faculty": [{"bannerId": "53109", "category": null, "class": "net.hedtech.banner.student.faculty.FacultyResultDecorator", "courseReferenceNumber": "11158", "displayName": "Manley, Eric", "emailAddress": "eric.manley@drake.edu", "primaryIndicator": true, "term": "202320"}], "meetingsFaculty": [{"category": "01", "class": "net.hedtech.banner.student.schedule.SectionSessionDecorator", "courseReferenceNumber": "11158", "faculty": [], "meetingTime": {"beginTime": "1100", "building": "C-S", "buildingDescription": "Collier-Scripps Hall", "campus": "DU", "campusDescription": "Drake University", "category": "01", "class": "net.hedtech.banner.general.overall.MeetingTimeDecorator", "courseReferenceNumber": "11158", "creditHourSession": 3.0, "endDate": "05/12/2023", "endTime": "1215", "friday": false, "hoursWeek": 2.5, "meetingScheduleType": "LEC", "meetingType": "CLAS", "meetingTypeDescription": "Class", "monday": true, "room": "0235", "saturday": false, "startDate": "01/23/2023", "sunday": false, "term": "202320", "thursday": false, "tuesday": false, "wednesday": true}, "term": "202320"}], "reservedSeatSummary": null, "sectionAttributes": [{"class": "net.hedtech.banner.student.schedule.SectionDegreeProgramAttributeDecorator", "code": "ISHS", "courseReferenceNumber": "11158", "description": "Int Study Humanities/Sciences", "isZTCAttribute": false, "termCode": "202320"}, {"class": "net.hedtech.banner.student.schedule.SectionDegreeProgramAttributeDecorator", "code": "VE", "courseReferenceNumber": "11158", "description": "Values and Ethics", "isZTCAttribute": false, "termCode": "202320"}], "instructionalMethod": "TR", "instructionalMethodDescription": "Traditional", "courseDescription": "This course increases understanding of issues related to ethics, professional conduct and social responsibility as they arise in Computer Science and applications of Information Technology.\nAdditionally, the course serves to develop 1) the ability to think clearly; 2) habits of professsional responsibility and behavior; and 3) effective writing and presentation skills.  Students are exposed to the history of the discipline fro a social point of view, and to various frameworks from which ethical and professional decisions must be made within the discipline.", "prerequisites": [], "division": "core"}, {"id": 176631, "term": "202320", "termDesc": "Spring 2023", "courseReferenceNumber": "10638", "partOfTerm": "1", "courseNumber": "167", "subject": "CS", "subjectDescription": "Computer Sciences", "sequenceNumber": "0", "campusDescription": "Drake University", "scheduleTypeDescription": "Lecture", "courseTitle": "MACHINE LEARNING", "creditHours": 3, "maximumEnrollment": 32, "enrollment": 22, "seatsAvailable": 10, "waitCapacity": 10, "waitCount": 0, "waitAvailable": 10, "crossList": null, "crossListCapacity": null, "crossListCount": null, "crossListAvailable": null, "creditHourHigh": null, "creditHourLow": 3, "creditHourIndicator": null, "openSection": true, "linkIdentifier": null, "isSectionLinked": false, "subjectCourse": "CS167", "faculty": [{"bannerId": "53089", "category": null, "class": "net.hedtech.banner.student.faculty.FacultyResultDecorator", "courseReferenceNumber": "10638", "displayName": "Moore, Meredith", "emailAddress": "meredith.moore@drake.edu", "primaryIndicator": true, "term": "202320"}], "meetingsFaculty": [{"category": "01", "class": "net.hedtech.banner.student.schedule.SectionSessionDecorator", "courseReferenceNumber": "10638", "faculty": [], "meetingTime": {"beginTime": "1230", "building": "C-S", "buildingDescription": "Collier-Scripps Hall", "campus": "DU", "campusDescription": "Drake University", "category": "01", "class": "net.hedtech.banner.general.overall.MeetingTimeDecorator", "courseReferenceNumber": "10638", "creditHourSession": 3.0, "endDate": "05/12/2023", "endTime": "1345", "friday": false, "hoursWeek": 2.5, "meetingScheduleType": "LEC", "meetingType": "CLAS", "meetingTypeDescription": "Class", "monday": false, "room": "0301", "saturday": false, "startDate": "01/23/2023", "sunday": false, "term": "202320", "thursday": true, "tuesday": true, "wednesday": false}, "term": "202320"}], "reservedSeatSummary": null, "sectionAttributes": [], "instructionalMethod": "TR", "instructionalMethodDescription": "Traditional", "courseDescription": "This course introduces approaches to developing computer programs that learn from data.  Both foundational and contemporary machine learning algorithms will be covered in the context of a variety of data and problem types.  Specific topics will vary but may include artificial neural networks, decision trees, instance-based learning, Bayesian learning, support vector machines, hidden Markov models, reinforcement learning, and natural language processing.  Students will develop their own implementations of the algorithms as well as utilize modern machine learning software and programming libraries.  Pre-requisite: CS 065 and (CS 066 or STAT 040).", "prerequisites": ["Computer Sciences 065", "And (Computer Sciences 066 Or Statistics 040)"], "division": "upper"}, {"id": 176294, "term": "202320", "termDesc": "Spring 2023", "courseReferenceNumber": "9857", "partOfTerm": "1", "courseNumber": "178", "subject": "CS", "subjectDescription": "Computer Sciences", "sequenceNumber": "1", "campusDescription": "Drake University", "scheduleTypeDescription": "Lecture", "courseTitle": "CLOUD AND DATABASE SYSTEMS", "creditHours": 3, "maximumEnrollment": 32, "enrollment": 29, "seatsAvailable": 3, "waitCapacity": 10, "waitCount": 0, "waitAvailable": 10, "crossList": null, "crossListCapacity": null, "crossListCount": null, "crossListAvailable": null, "creditHourHigh": null, "creditHourLow": 3, "creditHourIndicator": null, "openSection": true, "linkIdentifier": null, "isSectionLinked": false, "subjectCourse": "CS178", "faculty": [{"bannerId": "53142", "category": null, "class": "net.hedtech.banner.student.faculty.FacultyResultDecorator", "courseReferenceNumber": "9857", "displayName": "Urness, Timothy", "emailAddress": "timothy.urness@drake.edu", "primaryIndicator": true, "term": "202320"}], "meetingsFaculty": [{"category": "01", "class": "net.hedtech.banner.student.schedule.SectionSessionDecorator", "courseReferenceNumber": "9857", "faculty": [], "meetingTime": {"beginTime": "1100", "building": "C-S", "buildingDescription": "Collier-Scripps Hall", "campus": "DU", "campusDescription": "Drake University", "category": "01", "class": "net.hedtech.banner.general.overall.MeetingTimeDecorator", "courseReferenceNumber": "9857", "creditHourSession": 3.0, "endDate": "05/12/2023", "endTime": "1215", "friday": false, "hoursWeek": 2.5, "meetingScheduleType": "LEC", "meetingType": "CLAS", "meetingTypeDescription": "Class", "monday": true, "room": "0301", "saturday": false, "startDate": "01/23/2023", "sunday": false, "term": "202320", "thursday": false, "tuesday": false, "wednesday": true}, "term": "202320"}], "reservedSeatSummary": null, "sectionAttributes": [], "instructionalMethod": "TR", "instructionalMethodDescription": "Traditional", "courseDescription": "Data sets have become so large and complex that a new set of software tools must be developed in order to facilitate questions that can lead to impactful insights.  This course will provide an in-depth study of tools and techniques used to process 'big data' stored on multiple computers. Topics include virtualization, python programming, the Hadoop ecosystem, MapReduce programming, Amazon Web Services, database querying including SQL and NoSQL programming.", "prerequisites": ["Computer Sciences 066"], "division": "upper"}, {"id": 176116, "term": "202320", "termDesc": "Spring 2023", "courseReferenceNumber": "9366", "partOfTerm": "1", "courseNumber": "066", "subject": "CS", "subjectDescription": "Computer Sciences", "sequenceNumber": "1", "campusDescription": "Drake University", "scheduleTypeDescription": "Lecture", "courseTitle": "INTRO TO CS II", "creditHours": 3, "maximumEnrollment": 28, "enrollment": 28, "seatsAvailable": 0, "waitCapacity": 5, "waitCount": 0, "waitAvailable": 5, "crossList": null, "crossListCapacity": null, "crossListCount": null, "crossListAvailable": null, "creditHourHigh": null, "creditHourLow": 3, "creditHourIndicator": null, "openSection": true, "linkIdentifier": null, "isSectionLinked": false, "subjectCourse": "CS066", "faculty": [{"bannerId": "53119", "category": null, "class": "net.hedtech.banner.student.faculty.FacultyResultDecorator", "courseReferenceNumber": "9366", "displayName": "Migunov, Andrei", "emailAddress": "andrei.migunov@drake.edu", "primaryIndicator": true, "term": "202320"}], "meetingsFaculty": [{"category": "01", "class": "net.hedtech.banner.student.schedule.SectionSessionDecorator", "courseReferenceNumber": "9366", "faculty": [], "meetingTime": {"beginTime": "0930", "building": "MED", "buildingDescription": "Medbury Hall", "campus": "DU", "campusDescription": "Drake University", "category": "01", "class": "net.hedtech.banner.general.overall.MeetingTimeDecorator", "courseReferenceNumber": "9366", "creditHourSession": 3.0, "endDate": "05/12/2023", "endTime": "1045", "friday": false, "hoursWeek": 2.5, "meetingScheduleType": "LEC", "meetingType": "CLAS", "meetingTypeDescription": "Class", "monday": false, "room": "0221", "saturday": false, "startDate": "01/23/2023", "sunday": false, "term": "202320", "thursday": true, "tuesday": true, "wednesday": false}, "term": "202320"}], "reservedSeatSummary": null, "sectionAttributes": [], "instructionalMethod": "TR", "instructionalMethodDescription": "Traditional", "courseDescription": "Continuance of CS 65 using a block-structured language and emphasizing data abstraction. More general data structures and alternative implementations of them are used in programs, Sorting, searching and tree traversal algorithms are used and analyzed. Provides preparation for further study in computer science. Prereq: CS 65 or equivalent", "prerequisites": ["Computer Sciences 065"], "division": "core"}, {"id": 176049, "term": "202320", "termDesc": "Spring 2023", "courseReferenceNumber": "9180", "partOfTerm": "1", "courseNumber": "065", "subject": "CS", "subjectDescription": "Computer Sciences", "sequenceNumber": "0", "campusDescription": "Drake University", "scheduleTypeDescription": "Lecture", "courseTitle": "INTRO TO CS I", "creditHours": 3, "maximumEnrollment": 32, "enrollment": 34, "seatsAvailable": -2, "waitCapacity": 10, "waitCount": 2, "waitAvailable": 8, "crossList": null, "crossListCapacity": null, "crossListCount": null, "crossListAvailable": null, "creditHourHigh": null, "creditHourLow": 3, "creditHourIndicator": null, "openSection": true, "linkIdentifier": null, "isSectionLinked": false, "subjectCourse": "CS065", "faculty": [{"bannerId": "53142", "category": null, "class": "net.hedtech.banner.student.faculty.FacultyResultDecorator", "courseReferenceNumber": "9180", "displayName": "Urness, Timothy", "emailAddress": "timothy.urness@drake.edu", "primaryIndicator": true, "term": "202320"}], "meetingsFaculty": [{"category": "01", "class": "net.hedtech.banner.student.schedule.SectionSessionDecorator", "courseReferenceNumber": "9180", "faculty": [], "meetingTime": {"beginTime": "1230", "building": "H I", "buildingDescription": "Harvey Ingham", "campus": "DU", "campusDescription": "Drake University", "category": "01", "class": "net.hedtech.banner.general.overall.MeetingTimeDecorator", "courseReferenceNumber": "9180", "creditHourSession": 3.0, "endDate": "05/12/2023", "endTime": "1345", "friday": false, "hoursWeek": 2.5, "meetingScheduleType": "LEC", "meetingType": "CLAS", "meetingTypeDescription": "Class", "monday": false, "room": "0019", "saturday": false, "startDate": "01/23/2023", "sunday": false, "term": "202320", "thursday": true, "tuesday": true, "wednesday": false}, "term": "202320"}], "reservedSeatSummary": null, "sectionAttributes": [{"class": "net.hedtech.banner.student.schedule.SectionDegreeProgramAttributeDecorator", "code": "CRIT", "courseReferenceNumber": "9180", "description": "Critical Thinking", "isZTCAttribute": false, "termCode": "202320"}, {"class": "net.hedtech.banner.student.schedule.SectionDegreeProgramAttributeDecorator", "code": "INFO", "courseReferenceNumber": "9180", "description": "Information Literacy", "isZTCAttribute": false, "termCode": "202320"}], "instructionalMethod": "TR", "instructionalMethodDescription": "Traditional", "courseDescription": "Algorithms, programming, program structures and computing systems. Debugging and verification of programs, data presentation. Computer solution of problems using a high- level language. Prereq.: Four years of high school mathematics or MATH 20.", "prerequisites": [], "division": "core"}, {"id": 175814, "term": "202320", "termDesc": "Spring 2023", "courseReferenceNumber": "8012", "partOfTerm": "1", "courseNumber": "065", "subject": "CS", "subjectDescription": "Computer Sciences", "sequenceNumber": "1", "campusDescription": "Drake University", "scheduleTypeDescription": "Lecture", "courseTitle": "INTRO TO CS I", "creditHours": 3, "maximumEnrollment": 32, "enrollment": 19, "seatsAvailable": 13, "waitCapacity": 10, "waitCount": 0, "waitAvailable": 10, "crossList": null, "crossListCapacity": null, "crossListCount": null, "crossListAvailable": null, "creditHourHigh": null, "creditHourLow": 3, "creditHourIndicator": null, "openSection": true, "linkIdentifier": null, "isSectionLinked": false, "subjectCourse": "CS065", "faculty": [{"bannerId": "53118", "category": null, "class": "net.hedtech.banner.student.faculty.FacultyResultDecorator", "courseReferenceNumber": "8012", "displayName": "Reza, Md", "emailAddress": "md.reza@drake.edu", "primaryIndicator": true, "term": "202320"}], "meetingsFaculty": [{"category": "01", "class": "net.hedtech.banner.student.schedule.SectionSessionDecorator", "courseReferenceNumber": "8012", "faculty": [], "meetingTime": {"beginTime": "1100", "building": "C-S", "buildingDescription": "Collier-Scripps Hall", "campus": "DU", "campusDescription": "Drake University", "category": "01", "class": "net.hedtech.banner.general.overall.MeetingTimeDecorator", "courseReferenceNumber": "8012", "creditHourSession": 3.0, "endDate": "05/12/2023", "endTime": "1215", "friday": false, "hoursWeek": 2.5, "meetingScheduleType": "LEC", "meetingType": "CLAS", "meetingTypeDescription": "Class", "monday": false, "room": "0301", "saturday": false, "startDate": "01/23/2023", "sunday": false, "term": "202320", "thursday": true, "tuesday": true, "wednesday": false}, "term": "202320"}], "reservedSeatSummary": null, "sectionAttributes": [{"class": "net.hedtech.banner.student.schedule.SectionDegreeProgramAttributeDecorator", "code": "CRIT", "courseReferenceNumber": "8012", "description": "Critical Thinking", "isZTCAttribute": false, "termCode": "202320"}, {"class": "net.hedtech.banner.student.schedule.SectionDegreeProgramAttributeDecorator", "code": "INFO", "courseReferenceNumber": "8012", "description": "Information Literacy", "isZTCAttribute": false, "termCode": "202320"}], "instructionalMethod": "TR", "instructionalMethodDescription": "Traditional", "courseDescription": "Algorithms, programming, program structures and computing systems. Debugging and verification of programs, data presentation. Computer solution of problems using a high- level language. Prereq.: Four years of high school mathematics or MATH 20.", "prerequisites": [], "division": "core"}, {"id": 175077, "term": "202320", "termDesc": "Spring 2023", "courseReferenceNumber": "3459", "partOfTerm": "1", "courseNumber": "135", "subject": "CS", "subjectDescription": "Computer Sciences", "sequenceNumber": "0", "campusDescription": "Drake University", "scheduleTypeDescription": "Lecture", "courseTitle": "PROGRAMMING LANGUAGES", "creditHours": 3, "maximumEnrollment": 28, "enrollment": 26, "seatsAvailable": 2, "waitCapacity": 10, "waitCount": 0, "waitAvailable": 10, "crossList": null, "crossListCapacity": null, "crossListCount": null, "crossListAvailable": null, "creditHourHigh": null, "creditHourLow": 3, "creditHourIndicator": null, "openSection": true, "linkIdentifier": null, "isSectionLinked": false, "subjectCourse": "CS135", "faculty": [{"bannerId": "53152", "category": null, "class": "net.hedtech.banner.student.faculty.FacultyResultDecorator", "courseReferenceNumber": "3459", "displayName": "Case, Adam", "emailAddress": "adam.case@drake.edu", "primaryIndicator": true, "term": "202320"}], "meetingsFaculty": [{"category": "01", "class": "net.hedtech.banner.student.schedule.SectionSessionDecorator", "courseReferenceNumber": "3459", "faculty": [], "meetingTime": {"beginTime": "1230", "building": "C-S", "buildingDescription": "Collier-Scripps Hall", "campus": "DU", "campusDescription": "Drake University", "category": "01", "class": "net.hedtech.banner.general.overall.MeetingTimeDecorator", "courseReferenceNumber": "3459", "creditHourSession": 3.0, "endDate": "05/12/2023", "endTime": "1345", "friday": false, "hoursWeek": 2.5, "meetingScheduleType": "LEC", "meetingType": "CLAS", "meetingTypeDescription": "Class", "monday": false, "room": "0135", "saturday": false, "startDate": "01/23/2023", "sunday": false, "term": "202320", "thursday": true, "tuesday": true, "wednesday": false}, "term": "202320"}], "reservedSeatSummary": null, "sectionAttributes": [], "instructionalMethod": "TR", "instructionalMethodDescription": "Traditional", "courseDescription": "Syntax and semantics of high-level computer languages. Examination of the major decisions in the design and implementation of all algorithmic languages. Examination of the run-time structures required to support modern programming languages and paradigms.  Prereq.: CS 067.", "prerequisites": ["Computer Sciences 067"], "division": "upper"}, {"id": 175076, "term": "202320", "termDesc": "Spring 2023", "courseReferenceNumber": "3458", "partOfTerm": "1", "courseNumber": "066", "subject": "CS", "subjectDescription": "Computer Sciences", "sequenceNumber": "0", "campusDescription": "Drake University", "scheduleTypeDescription": "Lecture", "courseTitle": "INTRO TO CS II", "creditHours": 3, "maximumEnrollment": 28, "enrollment": 28, "seatsAvailable": 0, "waitCapacity": 5, "waitCount": 0, "waitAvailable": 5, "crossList": null, "crossListCapacity": null, "crossListCount": null, "crossListAvailable": null, "creditHourHigh": null, "creditHourLow": 3, "creditHourIndicator": null, "openSection": true, "linkIdentifier": null, "isSectionLinked": false, "subjectCourse": "CS066", "faculty": [{"bannerId": "53119", "category": null, "class": "net.hedtech.banner.student.faculty.FacultyResultDecorator", "courseReferenceNumber": "3458", "displayName": "Migunov, Andrei", "emailAddress": "andrei.migunov@drake.edu", "primaryIndicator": true, "term": "202320"}], "meetingsFaculty": [{"category": "01", "class": "net.hedtech.banner.student.schedule.SectionSessionDecorator", "courseReferenceNumber": "3458", "faculty": [], "meetingTime": {"beginTime": "1100", "building": "H I", "buildingDescription": "Harvey Ingham", "campus": "DU", "campusDescription": "Drake University", "category": "01", "class": "net.hedtech.banner.general.overall.MeetingTimeDecorator", "courseReferenceNumber": "3458", "creditHourSession": 3.0, "endDate": "05/12/2023", "endTime": "1215", "friday": false, "hoursWeek": 2.5, "meetingScheduleType": "LEC", "meetingType": "CLAS", "meetingTypeDescription": "Class", "monday": false, "room": "0007", "saturday": false, "startDate": "01/23/2023", "sunday": false, "term": "202320", "thursday": true, "tuesday": true, "wednesday": false}, "term": "202320"}], "reservedSeatSummary": null, "sectionAttributes": [], "instructionalMethod": "TR", "instructionalMethodDescription": "Traditional", "courseDescription": "Continuance of CS 65 using a block-structured language and emphasizing data abstraction. More general data structures and alternative implementations of them are used in programs, Sorting, searching and tree traversal algorithms are used and analyzed. Provides preparation for further study in computer science. Prereq: CS 65 or equivalent", "prerequisites": ["Computer Sciences 065"], "division": "core"}]